model_id,firm_id,classification,price,brand_strength_intro,design_innovativeness,tech_innovativeness,Sales,prior_innovativeness,advertising_expenditure
353,1799,"Large family car",63228.11797478012,241096.7627794283,1.52093395649265,2,84683,2,2039538.8
354,1799,"Large family car",65583.84654560043,242400.2195104972,1.774580814943668,2,55916,2,2082709.8
355,1799,"Minivan",73267.25857789099,242285.636609319,1.698814302445818,1,46552,5,2840340.8
356,1799,"Minivan",66318.09431186762,238929.0489567886,1.738442680723057,2,73576,3,2995479.5
357,1799,"SUV",82174.60563230737,241487.5700679774,1.4903088502465,2,73998,4,3120961.3
358,1799,"Small family car",40653.26532951088,241990.3804670348,1.394030023521065,2,51577,3,887858.13
359,1799,"Large family car",56775.43655019149,240016.6217908916,1.470057451853728,2,69848,2,2040879
360,1799,"SUV",87427.28594101514,241291.6231041067,1.186254178549461,2,72553,2,3313520.8
361,1799,"SUV",67307.82306115245,242760.5100376872,1.514191423754811,1,60487,2,3294543.5
362,1799,"Minivan",65487.72565764008,238981.8871150318,1.523634767187057,1,98992,4,2831998
363,1799,"Minivan",71905.78966278036,240559.3683115176,1.689214726065725,2,82067,4,2951879.8
364,1799,"Large family car",53514.25862825986,239947.3157609407,1.557149112472652,2,80313,2,2133493
365,1799,"Minivan",69608.2084598564,239460.6192336055,1.566108363135442,2,76337,4,2951063.5
366,1799,"Minivan",64240.87807053616,239125.8644409007,1.81459826864545,2,34968,3,3029525.3
367,1799,"Minivan",73826.00899614746,237958.738829409,1.756056307704072,1,42801,2,3075149
368,1799,"Large family car",69556.09859563684,240840.824335436,1.538911724465367,1,60828,4,2055340
369,1799,"SUV",71393.35276152675,241103.9455812556,1.729031312444539,2,65211,3,3199293.5
370,1799,"SUV",68894.03018183318,242323.4667300689,1.829783172603124,2,99102,2,3322432.8
371,1799,"SUV",67588.38234916735,240976.8443837283,1.540856662831759,1,62540,4,3358451.5
372,1800,"SUV",85237.06006416422,516467.0169704187,2.366584188892083,2,105497,2,3280611.8
373,1800,"Small family car",68099.49673958111,518194.1498637206,2.042108700963277,3,87729,3,1021553.1
374,1800,"Small family car",45753.11983890844,516467.6445460031,2.017093170617624,3,98866,3,1062696.3
375,1800,"Minivan",90887.26306150954,516977.7504674411,2.628898168226736,2,112566,3,2912596.8
376,1800,"SUV",83323.18370017523,515618.9354987226,1.622981475494513,2,134104,3,3348622.5
377,1800,"Small family car",52324.46282420956,515456.7258021812,2.442131124375774,2,60150,3,944203.5
378,1800,"Minivan",90763.74910132539,516476.1789713013,2.388456693820801,2,114593,2,2947403
379,1800,"Large family car",62907.61695675374,516442.9134276644,1.805563057586148,2,83657,3,2156487.5
380,1800,"Large family car",61530.4067196976,516638.1854088929,2.526536401056669,2,100220,2,2212466
381,1800,"Large family car",82067.73931676336,515346.606025294,2.090075597716499,3,97881,2,2115952.8
382,1800,"Minivan",70609.09274940292,514379.9087873509,1.514570334405697,2,141267,3,2999786.5
383,1801,"Large family car",82502.13992286316,593098.7350714336,2.688801019144542,2,94935,3,2160425.5
384,1801,"Small family car",52752.44518108264,597376.8790416894,2.185388147067562,2,65102,2,1030288
385,1801,"Small family car",62735.96398102303,593531.4266965479,2.669802247539334,3,98660,4,955251.13
386,1801,"Large family car",68499.10798504147,596771.0164908428,2.474650275598665,2,127185,4,2163128.5
387,1801,"SUV",101864.2050279626,597038.5227444032,2.130068618186146,2,163718,3,3216694.5
388,1801,"Large family car",71172.93113292748,592983.939287012,1.40006265891137,2,94110,2,2095673
389,1801,"Large family car",77769.70865616927,594955.7777220984,2.133213020450135,2,102265,2,2062665.4
390,1801,"Large family car",78247.66354015617,595249.540229204,2.128781241761212,2,159852,3,2197467
391,1801,"SUV",86437.44491175307,594109.2535981338,2.040415398722846,3,190480,4,3346101.5
392,1801,"Minivan",77478.14517649931,596358.3600768804,2.778393559139868,2,112483,3,2868201
393,1801,"Minivan",91357.02109075843,594643.9766037427,1.725784622818281,2,125595,4,3022060.5
394,1801,"Minivan",92619.08379851733,592772.3565727687,1.471001479969843,2,124540,2,2897957.8
395,1801,"Minivan",82722.83034740991,593230.1657172875,2.247511321143596,2,157816,2,2964894.3
396,1801,"Small family car",70730.43563854543,594037.5277978572,2.410202893542234,2,94274,3,1067910.3
397,1801,"Small family car",64859.79103045737,595887.1168701526,3.06830911368304,2,75695,2,1070934.9
398,1801,"Large family car",89754.43595484381,596273.4086326072,2.514943336842487,2,108638,2,2231708.5
399,1801,"SUV",95459.62455513251,594627.677206828,2.068288648140846,2,101818,3,3158006.8
400,1801,"Small family car",52989.53732198396,595064.1048716641,2.652946394852764,3,104112,2,905343.19
401,1801,"SUV",84462.96521074823,596493.4838572976,2.535734592683968,2,87351,2,3307932.5
402,1801,"Minivan",77472.9070678362,595252.2709368953,2.745341033761795,2,166706,4,2922852
403,1801,"SUV",106592.6975691124,593079.630971858,2.469228173644821,2,121513,2,3325594
404,1801,"Minivan",84940.00963273644,596801.658312844,2.039572182262567,2,183386,3,2900544.5
405,1801,"Large family car",90537.96198780404,594111.9212104949,2.323196163364512,2,107846,3,2054352.8
406,1801,"Large family car",69832.19172432393,597100.7399067197,2.497029140743799,2,88957,2,2086302.3
407,1801,"Large family car",85865.02428420102,593228.0415635103,2.432931867631813,2,108946,2,2163090.8
408,1801,"Small family car",58441.47158096262,596955.2500809002,1.756553772208643,3,131459,3,919151.5
409,1801,"Small family car",56957.57506878696,597445.5425213699,1.84157724436609,3,116190,2,995290.63
410,1802,"Minivan",71950.59956865081,403791.1378238193,2.098031668876398,2,72209,2,3029698.5
411,1802,"Large family car",71847.77286487535,405015.2377166944,1.805276465055554,2,87190,3,2035294.3
412,1802,"SUV",93034.06806484026,404110.2288426899,1.813523621273233,2,102509,2,3282174
413,1802,"Large family car",66148.94915831143,407509.9071385996,2.372773851700767,2,110579,2,2101002.5
414,1802,"Small family car",45192.22356119291,404312.3051496902,1.612661143001264,2,54650,2,1047716.9
415,1802,"Large family car",66463.50516369288,403217.6197362492,2.241557759731284,2,96338,2,2198044.5
416,1802,"Small family car",60880.71536239923,406236.0149074853,1.621505638697538,2,66158,2,1006128.6
417,1802,"Minivan",80684.36654344595,404001.7915677376,1.507600430526726,2,83874,2,2830302
418,1802,"Large family car",71674.13611990472,402852.2325561311,1.682938296611413,2,117008,1,2165118.5
419,1802,"Minivan",75019.8073485491,407721.935337608,1.899970853562985,2,87191,3,2963556.5
420,1802,"SUV",78436.44619258844,405398.4020745768,2.251749559312146,2,86610,3,3314045
421,1802,"Small family car",61539.73843182428,403366.7660577536,1.846158648208968,2,74594,4,945199.63
422,1802,"Minivan",81437.54580080332,405840.3726909658,1.691940381789677,2,112424,3,2848507.8
423,1802,"Minivan",83117.14004953552,407203.4229069222,1.729563340452843,2,68701,4,2977170.8
424,1802,"Small family car",44850.4293598022,404663.9313281502,2.086853839186376,1,75165,3,1016082.4
425,1802,"SUV",79584.81075625407,404492.834414539,1.977622764789973,1,87796,2,3344110.5
426,1802,"Large family car",75343.28372080254,406105.7490886538,1.567449233762099,2,95694,2,2237497.5
427,1803,"SUV",69173.73959453334,119616.4313892741,1.195464492720877,1,54990,3,3281696.5
428,1803,"Minivan",54193.71659365452,121766.3723223985,1.100368754471911,1,86202,5,2834391.5
429,1803,"Large family car",61144.22662525084,119563.7397621382,1.233140893635259,1,36367,3,2140183.5
430,1803,"Small family car",35866.65789456283,121535.3605834811,1.518879203040956,2,45949,2,1058362.1
431,1803,"Large family car",57896.02084809999,118483.3057117945,1.268380547819946,1,41714,1,2067251.4
432,1803,"SUV",72283.69321683519,118726.524275881,1.356344659224763,1,69614,2,3357739.3
433,1803,"Large family car",51417.6682574547,118489.6865787108,1.21307441960449,1,54381,2,2004319
434,1803,"Large family car",53788.67535312944,122114.4477693725,1.455843994785303,1,31078,3,2030745.6
435,1803,"SUV",59654.46468712855,120386.3317050724,1.39740849113069,1,50609,3,3269458.5
436,1803,"Small family car",38098.29544218608,123208.4667099158,1.402027861008657,1,37141,3,1100902.1
437,1803,"Small family car",32139.80611464949,122890.0621030271,1.656959406413315,1,25731,4,927199.38
438,1803,"Small family car",38957.10332339967,121581.6579301028,1.301583451711438,1,33755,3,1104304.6
439,1803,"Minivan",61972.35662200623,119254.6860637646,1.143212956435788,1,30470,4,2861822
440,1803,"Minivan",66824.82368845446,119652.0649153292,1.207536676283588,1,52100,2,3072920.5
441,1803,"Large family car",63320.47008591643,119709.4140284736,1.311233700048384,1,53838,3,2049770.6
442,1803,"SUV",70827.58244137146,121655.957427888,1.30623665831796,1,68823,5,3328179.5
443,1803,"Minivan",60642.74440826295,119317.7446095905,1.448525954963835,1,53013,3,3077688.3
444,1803,"SUV",81043.01537059151,121042.9533936836,1.084427131855826,2,105822,4,3346330.5
445,1803,"Minivan",80283.87931880473,121692.894900967,1.399347592766202,1,46388,4,2939013.8
446,1803,"Minivan",69484.95602354439,122667.9917994618,1.725206214330166,1,36797,2,3025102.8
447,1803,"Small family car",33936.72028164291,122304.0002834623,1.518809769086703,1,27113,3,916613.69
448,1803,"Large family car",51855.68842038402,119994.6523059531,1.209050177270716,1,34094,2,2165706.5
449,1803,"Minivan",81275.72719941959,121464.3396146344,1.293030259177284,2,73830,5,3040098
450,1803,"Large family car",52028.13798293429,118770.1865418059,1.459693577214623,1,38998,3,2184698.5
451,1803,"Large family car",55155.14192232594,120248.3457433684,1.06156569038887,1,36688,3,2025997.6
452,1803,"Large family car",58215.6478862592,119944.2940291322,1.959933010167212,1,26838,3,2152735.8
453,1803,"Small family car",33896.46822090543,120451.7625628464,1.192938080017585,1,22254,3,926484.13
454,1803,"Minivan",66963.49140915567,118774.3790410995,1.322633367589334,1,70492,3,2967092.5
455,1803,"Small family car",50027.22726511913,122013.4176222245,1.217864048595417,1,33560,4,918277.88
456,1803,"Minivan",68148.40583601777,118947.8914059652,1.643671368664072,1,48939,2,2961843.8
457,1803,"Minivan",58849.96117811931,122095.8200722156,1.3151631669247,1,49880,2,2962222.5
458,1803,"SUV",79150.85841775726,122643.9113700322,1.519887098660025,1,38423,2,3338325.8
459,1803,"Large family car",52324.50062111128,122876.1580457405,1.381641150516197,1,49735,4,2056494
460,1803,"Minivan",65328.8431314172,120779.9414319841,1.231319109780974,1,46403,5,2917696.5
461,1803,"Small family car",54226.33738587105,122335.9286872609,1.86884858239791,1,21360,3,1036482.1
462,1803,"SUV",70634.24430906957,119120.7427628256,1.550515533474066,1,41184,5,3261095.8
463,1803,"Small family car",33947.685921971,121125.6223241468,1.202853077140049,1,37293,4,974051.19
464,1803,"Large family car",48699.70192916266,118592.2643443082,1.346754101995478,1,30953,3,2119993.5
465,1803,"Small family car",41220.79718299159,121598.5185304229,1.250189888755127,2,41988,2,1052919.3
466,1803,"SUV",83782.00739458273,121366.995441013,1.179120453644015,1,38500,4,3145385
467,1803,"Minivan",75070.72988359533,118734.3284781631,1.346223668511646,1,42759,2,2995347.8
468,1803,"Minivan",66197.4998905079,121357.4180722193,1.673940531041089,1,37309,4,2895483.5
469,1803,"Small family car",41317.17876601074,121882.106537866,1.38785438607837,1,41199,3,1019361.1
470,1803,"Minivan",87610.44498715308,121111.1563199146,1.366516481427601,1,45179,2,3032770.5
471,1803,"Large family car",51750.29028546518,122513.9232308298,1.375005740179088,1,28377,2,2060482.3
472,1803,"SUV",67723.78660513485,121163.7106063251,1.409459923773376,1,58036,4,3233411.8
473,1803,"Small family car",40032.88570697614,120190.0084459102,1.278480230182017,1,25806,3,933476.13
474,1803,"Large family car",55947.62184360124,118696.3177118645,2.025291734046339,1,22154,4,2088390.3
475,1803,"SUV",67406.90289274251,121876.5456176382,1.118688948136167,2,59838,2,3193118.5
476,1803,"Large family car",54272.14567519799,121838.1924607058,1.450419741900026,2,40154,4,2049359.8
477,1803,"Small family car",43781.24819687106,122204.0501251463,1.3490272193471,1,33743,4,1092255.8
478,1803,"Large family car",56861.76309276136,120203.5389007604,1.275341567317763,1,29211,3,2125920.5
479,1803,"Minivan",59694.65759570374,120726.7252786343,1.616225666659715,1,36808,3,2909106
480,1803,"SUV",62490.84210782213,120436.525961403,1.167549720495688,1,44129,3,3292326
481,1803,"Small family car",45042.06366480172,121625.5768063475,1.472318761705842,1,45610,4,1108066.3
482,1803,"Minivan",94390.60722783135,122508.5070345568,1.315546099604326,1,52452,3,3022601.8
483,1804,"Small family car",34501.0867946893,2014.30285438376,1.22590010921412,1,32722,2,1112326.4
484,1804,"SUV",61701.60696257869,1952.719509242191,1.416241697743103,2,31553,2,3177481
485,1804,"Large family car",41902.84072595831,3181.370392600503,1.180571919731401,1,25373,1,2224063.8
486,1804,"SUV",64919.08860501349,4259.840853313762,1.114417142310933,1,24993,4,3209948.8
487,1804,"SUV",60401.63151350048,3489.466941708413,1.123366214535576,1,29079,2,3247166.3
488,1804,"Minivan",54899.04425675143,4944.236644484396,1.255739811798372,1,36059,4,2952313
489,1804,"Minivan",73033.72009760348,2941.306144864482,1.205946235504047,1,47175,4,3021238.5
490,1804,"SUV",56005.3488305905,5422.907837454585,1.106033488625331,1,47718,2,3173993.8
491,1804,"Large family car",43378.55923893838,1874.005366004878,1.06469140073135,1,59071,5,2008976.3
492,1804,"Minivan",61097.3626789446,3117.535829879102,1.291887277708464,1,32407,3,2926218.8
493,1804,"SUV",77686.51958776673,5778.449045794452,1.253237755495745,1,36887,3,3148810.3
494,1804,"Minivan",65225.54735437362,4873.737679376633,1.093720767901096,1,38995,4,3052312.8
495,1804,"Small family car",27418.802017106,1551.200828853446,1.251105714588379,1,15246,3,875516.69
496,1804,"SUV",64416.00485014086,5070.445736411666,1.362434366140771,1,33319,1,3258759.5
497,1804,"Large family car",58999.30593769892,4454.096818865117,1.041842180246985,1,37498,2,2201119.5
498,1804,"Small family car",30197.01930299321,1750.111322501187,1.115067774996715,1,23301,4,995306.31
499,1804,"SUV",78161.6369244927,4231.091417797809,1.279675437623064,1,36879,3,3288625.3
500,1804,"Minivan",59453.43303057591,2391.744403446389,1.177562010571724,1,21686,2,2968826.8
501,1804,"Small family car",24327.08380854686,5146.907830436139,1.124141468893479,1,15583,3,1084626.3
502,1804,"Large family car",41391.99826281349,5353.272960757841,1.466527270328026,1,16502,6,2090073.8
503,1804,"Large family car",44972.38126782384,5932.37050725903,1.176520558928369,1,24295,4,2060545.4
504,1804,"Minivan",60623.32798007504,5148.440309666007,1.461876471865953,1,28422,1,2998260.5
505,1804,"Small family car",48430.37044053761,1429.454137497412,1.321398655718098,1,19910,3,1057799.8
506,1804,"Large family car",47387.81251800707,3616.865966359756,1.201234495631229,1,31140,3,2078901.4
507,1804,"Minivan",67677.31930898258,4491.024791042623,1.406690086413616,1,38987,2,2940965.8
508,1804,"Large family car",54678.09340212152,1859.839987806179,1.053248438758447,1,33844,3,2048785.8
509,1804,"Large family car",61331.88461658418,1161.695967911332,1.143563898215849,1,29027,3,2098134.8
510,1804,"Minivan",59164.94593749136,2857.456288222985,1.250985608467664,1,20652,2,2840656.3
511,1804,"SUV",72157.88802298496,3884.011887235234,1.541252185066486,1,28051,3,3153417.5
512,1804,"Small family car",27529.72403302827,3597.723086556352,1.418536802222129,1,14731,1,1108643.1
513,1805,"Small family car",58824.25825246183,161453.4277959449,1.158421178441342,2,29417,2,1042993.7
514,1805,"Small family car",40981.64730256735,159834.5606623909,1.399870912809608,2,48008,3,1106289.8
515,1805,"Large family car",57230.77602463368,159876.1152641947,1.50375648285357,1,47807,3,2207713.8
516,1805,"SUV",67807.67735573294,162324.1326432611,1.400046292852364,1,66493,5,3119142
517,1805,"Large family car",61006.29742807522,163088.8034514335,1.421485755406598,1,28148,2,2097266.8
518,1805,"SUV",93847.25534362425,160026.6858564907,1.606503733193203,2,60008,2,3307681
519,1805,"Large family car",49398.38187776146,158464.370793011,1.710967104068252,1,56367,2,2115557.5
520,1805,"Large family car",63615.81592641358,161056.2521495882,1.57348590639167,2,49645,3,2067663.4
521,1806,"Small family car",43629.56700209546,450669.2468432428,1.859647004783754,2,95947,3,1100615.8
522,1806,"Large family car",69850.24319211554,450019.6870075315,2.213081328521432,1,77487,3,2147803
523,1806,"SUV",75648.83814128629,446284.7560064907,2.006805481319523,1,110248,5,3143327.8
524,1807,"Small family car",73065.20767751572,603049.2985347436,2.483282247271991,3,110556,4,1041475.6
525,1807,"SUV",93375.04482265977,603867.3580245192,2.319572875456536,3,146435,3,3208190
526,1807,"SUV",90622.62026142739,602536.7585584993,2.538466184690485,3,153657,4,3263768.8
527,1807,"Large family car",73388.2255114479,601558.5143394278,1.647806180051336,2,145625,4,2051379.6
528,1807,"Large family car",78353.78097301225,599426.4466421538,1.803846176933272,2,169953,2,2134311.3
529,1807,"SUV",84757.0202605238,601310.3801339649,2.182111172846893,2,120757,4,3164407.3
530,1807,"Minivan",87947.51252849094,602631.2329971661,3.111393779978776,2,110444,3,2876820.3
531,1807,"SUV",96817.93528918408,603383.2472843151,2.736705904361296,2,106565,2,3160702.3
532,1807,"SUV",89993.20264182735,600299.183474314,1.812212314231184,2,112330,2,3163942.5
533,1807,"Large family car",79011.59150356692,600020.2729120505,2.262164841525652,3,155158,3,2123362.8
534,1807,"SUV",97589.36747924594,604126.0064474216,2.212717482225003,2,166115,3,3344076.5
535,1807,"Minivan",96694.6403705863,599661.9932682054,2.289432704801648,2,132082,2,2958765.5
536,1807,"SUV",104046.5662868635,604124.8978543921,2.804915454448588,2,102291,3,3212380
537,1807,"Minivan",87765.86519071592,599720.9457492109,2.069746314600323,2,135600,2,3074642.8
538,1808,"Minivan",92520.36133983584,477933.328954433,1.815501691796248,2,104323,3,3044798.5
539,1808,"SUV",83389.57749161398,481025.4347274684,1.997958748563924,2,106545,3,3336295.8
540,1808,"Minivan",71313.29745679104,480499.7107299709,1.889623797910479,2,105446,3,2924604.5
541,1808,"Large family car",68919.20196854541,481878.8288793486,2.0320799732903,2,80842,2,2119448.5
542,1808,"Large family car",71825.5788428529,479500.3624646681,2.266157528989043,2,63515,2,2002732.3
543,1808,"Minivan",75606.59239456514,479662.6539986672,1.949214194793198,2,84594,4,3067734.8
544,1808,"Minivan",78386.05171644199,479108.6935466243,1.944260165611513,2,103653,4,3019301.3
545,1808,"SUV",76812.36717923195,481442.0332111666,2.160976402530522,1,89385,4,3193554
546,1808,"SUV",75767.7234341882,480636.5538395232,1.746757543859494,2,118796,3,3320885.5
547,1808,"Minivan",73099.5228810437,478978.8216658505,2.433553240943379,2,152587,4,2928334
548,1808,"Large family car",66065.9489836187,481977.6312249285,2.172122151729144,2,63199,4,2116265.3
549,1809,"SUV",79991.71141399136,197098.9626802387,1.437338398002036,1,72162,2,3355508.5
550,1809,"SUV",70369.73038294599,196245.157879334,1.604592203112745,1,55119,2,3245302.8
551,1809,"SUV",68530.52737191011,195545.6671703184,2.072414280174686,2,35434,1,3270563.8
552,1809,"SUV",69266.61217962022,194382.8277294208,1.649453176346036,1,87743,2,3290679.5
553,1809,"SUV",79202.53921000296,192965.8737448747,1.288201060565682,1,75409,4,3354530.3
554,1809,"Large family car",61622.27395558475,195093.8036959376,1.505850429998334,1,46673,4,2072681.4
555,1809,"SUV",72060.04537107865,195233.3871647007,1.479644956064,2,74308,3,3353551.3
556,1809,"Small family car",46469.53724281945,194618.8581251612,1.427411838343426,1,29075,3,873253.38
557,1809,"Small family car",52677.44566977948,193998.8080801086,1.700636257724167,2,31829,4,1066135.6
558,1809,"Small family car",55454.84362403552,194756.4422474492,1.705951188467072,2,38390,4,922583.5
559,1809,"Large family car",51415.98357600716,195788.4989830988,1.312632363663578,1,50514,2,1992625.4
560,1809,"Minivan",63202.88786743963,196742.9046626639,1.816250823676294,1,38976,3,3078192.3
561,1809,"Minivan",67802.48667202645,193408.8314895569,1.570199924217567,1,66143,3,2900038.5
562,1809,"Small family car",31217.92832430171,196076.411631559,1.463229962581599,2,51453,3,1048786.1
563,1809,"Minivan",74104.80721082821,192413.5993694353,1.963033969356743,1,51853,3,2893388.5
564,1809,"Small family car",33057.45816924074,196929.8606735785,1.672264138152151,1,24350,2,995843.5
565,1809,"SUV",63427.46762228549,192879.6078137135,1.769507223425939,1,36607,3,3253947.3
566,1809,"SUV",74344.30782637274,195216.7928442766,1.62716043902191,1,37534,2,3238863.3
567,1809,"SUV",79950.45800823261,193012.2755959722,1.600030969768024,2,60156,3,3124075.8
568,1809,"Large family car",63227.45177542286,196534.2058001364,1.559849624950696,1,50383,3,2169903.5
569,1809,"Large family car",48110.91570819233,193616.4890458243,1.369963856205855,1,39635,3,2206775.5
570,1809,"SUV",80119.2725662755,195137.0914616918,1.390693588985063,2,63485,4,3150489.8
571,1810,"SUV",73679.9951212624,8442.517217525503,1.048527990888046,1,46995,2,3114643.3
572,1810,"Large family car",49484.29120327916,11093.21791519293,1.14437248156246,1,22713,3,2223344.5
573,1810,"SUV",62475.82664620165,8816.905521525943,1.340726174767879,1,41755,2,3162435.3
574,1810,"SUV",71161.49229605313,8714.778173099814,1.284603698245568,1,31499,3,3229570.3
575,1810,"Minivan",56146.74195762291,9889.99546605668,1.451131284025996,1,25931,2,2851507
576,1810,"Large family car",55786.72399981751,10187.14279481808,1.375019924800903,1,32225,2,2023929.4
577,1810,"Large family car",45778.70317878362,7680.06604395099,1.022172975497021,1,34123,2,2219970.5
578,1810,"Minivan",54121.40032385947,9253.590591945223,1.589308736415017,1,27970,5,2964902.5
579,1810,"SUV",79841.53040841423,10909.12048194208,1.078536494376304,1,31373,3,3138348.5
580,1810,"Small family car",31923.38408896376,7637.647372770368,1.186412039379015,1,15999,5,963038.69
581,1811,"Minivan",64877.44344293943,90926.37768933568,1.495905259170249,1,83656,2,2928950.5
582,1811,"Minivan",66180.94281997031,94587.70975241403,1.362150121030784,1,42477,2,2879042
583,1811,"SUV",66749.79752481639,91645.18902985654,1.218661843408571,2,46449,4,3311072.5
584,1811,"Minivan",59779.85235395055,90264.16793480641,1.452136774599656,2,44312,2,2971031.5
585,1811,"Minivan",57533.3763868895,93269.6994202877,1.254761244244468,1,36198,4,2913173.8
586,1811,"SUV",64454.26596639573,95127.91455390684,1.226843001832197,1,49298,3,3291318.3
587,1811,"Small family car",45324.01458520119,92350.10039501217,1.138933132921848,1,35434,2,1107785.8
588,1811,"Minivan",70067.82697719229,93123.88597385354,1.51037344354456,1,49318,5,2994850.3
589,1811,"Large family car",75375.32735051312,90763.40362339381,1.123679978479557,1,52165,4,2036094.6
590,1811,"SUV",71442.29707431006,91328.38963999118,1.911600752303753,1,33725,2,3252268.8
591,1811,"Minivan",70135.59994155006,95072.43245996273,1.157288015434311,1,31999,2,3057955.8
592,1811,"Minivan",62087.21433585737,90630.66051115477,1.35812873632564,1,47733,2,2939823.5
593,1811,"SUV",67274.31713457566,93776.09120443767,1.370697454483995,1,32180,3,3206433.5
594,1811,"Small family car",35664.807625688,94689.7932370285,1.472214199792333,1,28249,3,1083164.3
595,1812,"Large family car",62290.46403518018,367955.7180740517,2.239563720017677,2,66583,4,2204233.3
596,1812,"Large family car",76546.56006665244,367146.7365303232,2.107609486575581,2,97587,4,2068332.8
597,1812,"Large family car",63020.1115112918,370833.5421158131,1.318049887661911,2,89328,4,2089876
598,1812,"SUV",75979.75081884602,371616.3194000103,1.603820234423793,2,92854,3,3241390
599,1812,"Large family car",62828.03331276152,371028.024013105,1.515777385219973,2,92305,2,2096333.8
600,1812,"Small family car",45457.09377228716,371081.7577519382,2.244567748201956,1,29459,2,953787.13
601,1812,"SUV",92352.0360139148,369895.5977524815,1.674447418131667,2,78545,2,3284235.5
602,1812,"SUV",86028.30128914825,369339.3643921029,1.419662074719313,2,117225,4,3317996.5
603,1812,"Minivan",70612.73589853322,368420.9104700238,1.888076618513366,2,108720,2,2888256
604,1813,"Minivan",99324.46064721851,583709.7190067053,2.007924554142912,2,130907,3,3068148.5
605,1813,"SUV",98999.37664673736,582695.7094735903,2.517253442929163,2,151522,2,3250003.3
606,1813,"Minivan",83428.36479822725,586128.5642141156,1.51118556766245,2,167878,5,3058255.5
607,1813,"Minivan",84432.1357495852,585719.2957063043,2.452951612136383,2,125798,4,3054777.8
608,1813,"Minivan",87948.26174005336,582418.7273800231,2.542571218335226,2,94519,5,2851682
609,1813,"Small family car",79056.95076736834,584415.4042697545,2.297098493759596,2,96036,3,880942
610,1813,"Large family car",66779.74988398439,586293.9558239909,1.873543538588073,3,99207,2,2188850
611,1813,"SUV",97992.82447219446,582437.6404329098,2.553418894865224,2,124258,4,3318927
612,1813,"Small family car",53610.29760137768,582995.4906918372,2.063624745060578,3,111614,2,1094051.9
613,1814,"SUV",82534.00522183822,538657.7286487871,1.728865702644432,3,161460,2,3154727
614,1814,"Small family car",54872.06621670696,541585.91945186,2.154409706128373,2,80284,5,1072970.6
615,1814,"Minivan",82248.56383395156,540274.0409175942,1.888750205303014,3,137554,3,2908922.8
616,1814,"Minivan",84969.29418235828,541170.6694941893,2.015745893792468,1,103167,4,2983707.8
617,1814,"Large family car",72974.52317336055,540796.7500519173,1.891209395253518,2,93650,1,2113101.8
618,1814,"Minivan",96050.81300609879,541492.6956360277,1.752299794665758,3,149761,4,3003343.3
619,1814,"Small family car",53342.26709214585,540045.780100896,2.221373780059844,2,116544,2,1065203.3
620,1814,"SUV",91645.55699325282,538310.6863126841,2.080407813950884,2,146085,2,3358147.3
621,1814,"Minivan",89864.03668031914,542057.8900300465,2.337014102467277,2,128959,3,2927677.8
622,1814,"Large family car",72129.49189786488,541973.400584712,2.243826929031928,2,83118,2,2137610.5
623,1814,"Small family car",69817.48214118397,541555.0358968118,1.883352359885037,2,70805,4,1036912.2
624,1814,"Small family car",72290.12513133454,542168.6027409035,2.024140143164299,2,74372,3,915668.88
625,1814,"SUV",88005.49606496614,541533.5381352132,1.971314586765959,3,165013,2,3189137
626,1814,"Large family car",73196.05955706118,540404.8449666132,1.68514488547047,2,116166,2,2193628.3
627,1815,"SUV",88419.42530558328,276209.3636133503,2.184975935831424,1,70773,4,3209743.5
628,1815,"Small family car",36231.24554538606,278554.1696357721,1.662490156347061,1,41263,2,943871.69
629,1815,"Small family car",38444.73160155062,277994.3580391213,1.68660073117094,2,39283,2,910730.5
630,1815,"Large family car",61147.49030889007,278751.3773324493,1.764496293097337,2,84745,2,2015849.8
631,1815,"Small family car",51080.32361342971,277961.6562828324,1.995663810991329,2,61805,2,921186.19
632,1815,"SUV",82659.47226168992,279416.2676812339,1.514809877489056,2,103101,2,3309290.5
633,1815,"Minivan",61948.08886084208,277656.8864041329,1.400980224559206,2,96300,3,2835468.8
634,1815,"Large family car",52626.73957222047,276900.627643527,1.489399099434778,1,76502,2,2017765.6
635,1815,"Minivan",61136.81156542222,276701.440643656,2.465342805131005,2,82856,4,3039903
636,1815,"Minivan",75439.22776367771,276628.5334080526,1.428827942605257,1,70009,2,2933993.8
637,1815,"SUV",72037.52278958715,279363.3051840178,1.53998831026201,2,122062,3,3278404.8
638,1815,"SUV",108354.6774359556,277349.1359280705,1.477315240172596,1,73965,3,3191225.3
639,1815,"SUV",83688.67139026662,275350.1305849737,1.682800144188281,1,73609,6,3284929
640,1815,"Large family car",72820.56599439,278720.6877555069,1.515017831467401,2,59563,3,2098839.8
641,1815,"Small family car",60313.09587943022,279812.8618288992,1.435873368085562,2,71397,3,894076.69
642,1815,"Large family car",72975.62495195209,277846.7608621464,1.680150633621247,2,49979,2,2237080.5
643,1816,"Small family car",48364.31181645422,39597.21525048168,1.266360345397751,1,21131,2,1111305.3
644,1816,"Large family car",69586.13365891445,35000.18327739341,1.387797087868989,1,34202,2,2043892.8
645,1816,"SUV",59631.99511893858,38530.42455314275,1.115839930070533,1,28738,3,3142145.5
646,1816,"Minivan",63417.76690696911,38402.14167932748,1.491382197501031,2,42955,2,2910010.5
647,1816,"SUV",67225.87664329431,37379.85826462922,1.335535942851424,1,45328,2,3156248.8
648,1816,"Small family car",36404.86195001299,38118.55337907095,1.260023503537687,1,19677,4,988587.31
649,1816,"SUV",77553.85311265613,39522.08260487499,1.068512024060051,1,44860,3,3307068.5
650,1816,"Minivan",68756.41741212335,36449.47723557775,1.249536962962638,1,39020,2,3077882
651,1816,"Minivan",57399.08252920392,39529.78958899459,1.216984844819102,1,32114,3,2902527.8
652,1816,"Minivan",54027.62384971186,35936.21980384998,1.247100970861662,1,42617,7,3038682.5
653,1816,"SUV",71192.79044941976,37518.56082550927,1.231507596461657,1,46457,5,3222937
654,1816,"Large family car",47057.72689139193,39215.3918282728,1.09839026764776,1,23874,2,2148400
655,1816,"Minivan",68599.13796177146,38979.99433091984,1.136109418750049,1,34994,2,3062594
656,1816,"Large family car",57426.06957161342,38862.7434668994,1.376630992353151,1,26721,3,2063547.4
657,1816,"SUV",67346.20421986346,34917.56415495079,1.094691625078544,1,45266,3,3179601.3
658,1816,"SUV",73162.93803264655,37863.52310005485,1.293286871059312,1,46151,3,3266384
659,1816,"Large family car",51269.65299442861,37228.07201892049,1.205713243009531,1,25358,3,2189406.5
660,1816,"Large family car",42834.4118147125,36290.22928829341,1.166006272719856,1,36284,1,2007079.8
661,1816,"Minivan",72539.08560993329,39331.44732454374,1.159305234467701,1,36941,2,2906696
662,1816,"Small family car",32927.08101057368,38030.60303798423,1.705659430459693,1,31608,2,1078203
663,1817,"Minivan",69534.76620061422,42959.57214496794,1.135501680377993,2,58270,3,2883411
664,1817,"Minivan",65287.67403600825,40044.36268310766,1.59270590737757,1,35756,5,2939531.3
665,1817,"Minivan",59974.61068034479,39896.76406829247,1.162338281240705,1,30959,3,2993944
666,1817,"Small family car",37125.81277600076,41071.39121779444,1.296438597910683,2,36345,5,931940.19
667,1817,"SUV",65766.90557248154,42802.65521454114,1.078596046979687,1,41066,2,3254956.5
668,1817,"Large family car",53622.7371024338,42470.19135822343,1.577008964504147,1,27290,4,2133772.5
669,1817,"SUV",56631.15839004984,43091.91327042218,1.394318954601797,1,32552,4,3130846.5
670,1817,"SUV",64140.97440723122,43163.91354281445,1.150769608372601,1,32283,3,3297913.5
671,1818,"Minivan",78336.54262247626,285565.4430206577,2.134251968917086,1,45978,2,3030558.3
672,1818,"Minivan",70696.24959564398,283134.444848867,2.313467214750722,1,58424,4,2988716
673,1818,"SUV",99498.6711094554,285481.3147171939,1.465210340272542,1,83737,2,3214794.5
674,1818,"Minivan",80094.39070031137,287521.2245503925,2.081440253918429,1,73777,3,3001252.5
675,1818,"SUV",72706.32919692216,284403.011293593,1.32608592535715,2,139910,4,3320200.5
676,1818,"Large family car",62601.84582987885,285618.1606059032,1.695978192116313,2,77735,3,2190195.3
677,1818,"Small family car",39310.21779428882,285697.6437733907,1.735979584495147,2,45089,3,1099023.3
678,1818,"Minivan",68317.48526592238,283605.6857040544,1.645568806622906,2,88469,3,2857311.8
679,1818,"Large family car",61802.5591459469,286393.7730842179,1.400737673191312,2,70686,3,2173635.8
680,1818,"Minivan",67319.87374354666,287051.4728544686,2.462627691198664,2,70058,2,3000146.3
681,1819,"Minivan",87739.44137384304,546709.5685551319,2.530223478183414,2,87042,4,2976676.3
682,1819,"SUV",80246.39418643128,546864.387710547,2.328700386689556,3,134861,2,3260972
683,1820,"Minivan",80282.84808867404,581211.0764101634,2.709837618302288,3,116262,3,2934984.8
684,1820,"SUV",78487.07121632162,583083.3495383079,2.608838199063187,3,153402,4,3187323
685,1820,"SUV",86914.53954301767,581699.8073777942,2.494420607626484,2,144094,2,3181846.3
686,1820,"SUV",90249.86190300024,584068.4247385778,1.975607037776141,2,127985,3,3348927.8
687,1820,"SUV",81303.85087110159,580472.1633311851,2.037290894566933,3,138809,2,3193586.5
688,1820,"Minivan",86438.45048594358,580357.8449236724,2.594961043637052,3,119042,3,2886624.5
689,1820,"Small family car",48517.89079801441,582623.6296940105,2.533054190159425,2,71459,2,1048067.1
690,1820,"Minivan",95773.15932665355,582443.7480579708,2.123446529828123,2,121368,3,2901480.5
691,1820,"SUV",108347.3613139727,584148.0134031115,2.76810933249504,2,118068,4,3115040.3
692,1820,"SUV",81849.11976047544,583784.1909638633,1.8845885905673,3,212890,2,3248165.8
693,1820,"SUV",90143.69348549268,582931.5287038719,2.245340136499459,2,165361,4,3247560.5
694,1820,"Small family car",54539.04712700192,582792.2091513203,2.048162655368058,1,94039,3,1094983.6
695,1820,"Small family car",58762.9654163113,581511.7915723565,2.356905140384046,2,100363,2,994965.13
696,1820,"Small family car",76059.6665054553,581774.301967836,1.495254743819374,3,150972,2,970150
697,1820,"Small family car",63659.55006020829,580906.4911162835,2.003723570984476,2,91275,4,871472.19
698,1821,"Small family car",57394.46010893443,360230.1797235652,1.387005697229946,2,59873,3,898588.19
699,1821,"SUV",91198.13211573563,359687.7610143559,1.640434462079015,2,100616,3,3126196.8
700,1821,"Minivan",65531.58044942891,364267.7425553131,1.473853675288292,2,92380,4,2956742.3
701,1821,"Minivan",69196.23548394795,363698.5584844484,2.011235410389461,2,90396,4,2969140
702,1821,"Minivan",71117.73319785205,362728.1782317639,1.914024481371547,2,98197,5,2984777.5
703,1821,"Large family car",53713.35619052199,362562.6683726865,2.049986800385381,2,84080,4,2141621.5
704,1821,"Small family car",53240.60649803121,361879.0831807379,1.816848267831238,2,82726,2,1109469.8
705,1821,"SUV",88887.24500190634,360592.2050760962,1.731638326136587,1,82449,2,3308534.5
706,1821,"Large family car",67735.81174779727,361840.9847313578,1.913361373237632,2,91597,3,2217559.5
707,1821,"Minivan",75101.01119528952,361320.8491178813,2.060516072023367,2,78472,2,2999079.3
708,1821,"Small family car",48281.59093952276,359939.0320641934,1.636737701860149,2,96363,3,1116093.8
709,1821,"Minivan",69664.14452912801,363893.2175449459,1.692681604796982,2,74514,3,2878555.3
710,1821,"Large family car",57554.23929278802,360109.627894294,2.281423904658896,2,57571,2,1991184.3
711,1821,"SUV",90284.18220303381,360136.2362957083,1.795400986225165,2,96717,4,3315664.5
712,1821,"Large family car",78141.21442185185,363969.7179188895,2.148736261165586,2,57926,3,2025347.3
713,1821,"Minivan",71463.48109390694,360473.9786301028,1.794867869562795,1,68534,4,3077837
714,1821,"Small family car",51349.39923101146,363169.4403058017,2.060900457767606,2,74507,4,1010960.2
715,1822,"Minivan",73577.99887714518,89472.14687595172,1.110648063634117,1,41860,3,2930458
716,1822,"Minivan",69210.54412232165,88548.78725004435,1.375644615531599,2,41260,3,3018079.3
717,1822,"Small family car",39067.84142026732,89001.52084172903,1.323210308439474,1,22937,3,946428.88
718,1822,"Small family car",29974.03376260626,85301.30636222941,1.59705676608964,2,29401,2,933174.81
719,1822,"Large family car",48209.88002175371,87592.48868497359,1.380845621500715,1,38656,3,2069713.8
720,1822,"Small family car",36054.67705283917,88439.56768757306,1.607992566744263,1,26000,3,954211.31
721,1822,"Large family car",55435.98500382768,85207.65550083564,1.146421335985075,1,59690,2,2116772.3
722,1822,"Small family car",25968.51401070171,86524.27711846236,1.206045783919871,1,16686,3,940990.88
723,1822,"Small family car",42351.41119061378,87609.96759522443,1.431043084753529,1,34080,4,1083104.6
724,1822,"Small family car",39265.99950051129,87525.22644075108,1.412491379815636,1,27204,2,998160.81
725,1822,"Minivan",66432.35338970352,86622.43537642008,1.275290432101905,1,64712,3,2840453.8
726,1822,"Large family car",46572.12542955546,85722.48916769472,1.208656829685163,1,33038,2,2119445.5
727,1823,"Minivan",72565.06302543168,11078.51179194849,1.41763833379706,1,42026,3,2994163.8
728,1823,"Minivan",62841.27602678649,10475.44221160325,1.204810055330011,1,38533,4,2966509.5
729,1823,"Large family car",61615.84528169241,9160.760925308474,1.184750841980317,1,26586,3,2039289.6
730,1823,"Small family car",35552.54320562094,10139.26228002258,1.205964169606533,1,14624,4,1116536.1
731,1823,"Minivan",59797.61870642283,11798.42588964569,1.09195971566577,1,55312,5,2910118.8
732,1823,"Small family car",33055.20567982837,12210.32984205495,1.134233408568221,1,19346,3,897317.63
733,1824,"SUV",70122.85752151799,200946.2916046046,1.784939149617975,2,55450,2,3224687.3
734,1824,"SUV",84070.85240458389,203864.3253651783,1.329444941825382,2,74805,3,3234571.8
735,1824,"Minivan",65923.32451479018,203868.9133745945,1.286244269546877,1,73687,2,3044138.5
736,1824,"Small family car",52685.98504635942,203385.4771770918,1.384975900722879,1,36719,2,1009382.7
737,1824,"Large family car",55567.30538315912,203838.6637379185,1.81131189915475,2,69479,3,2228250.8
738,1824,"Large family car",56304.44246245694,202022.9919716745,1.868135456986288,1,43750,2,2206351.8
739,1824,"Large family car",70114.39348150248,201517.4964064352,1.79233548752264,1,50854,3,2113551
740,1824,"SUV",81263.56643717243,203544.1494453615,1.425607722745883,1,82063,2,3238212.3
741,1824,"Minivan",78664.42121686037,199703.9433126103,1.569068282148773,2,66961,2,2894542
742,1824,"Small family car",48981.22342343267,200480.8016362148,1.787548237249624,1,37981,1,982983.63
743,1825,"Small family car",51090.21349765193,486851.461842996,2.064283036831865,2,106780,4,958125.5
744,1825,"Minivan",87421.9371605365,485137.6224649054,1.962094355889894,2,84246,4,3052187.3
745,1825,"Minivan",94055.66924022822,487297.2998985953,2.486171481030632,2,94976,2,2990872
746,1825,"SUV",95420.71939315386,487672.2078855609,2.376993352386669,2,113058,2,3111298.8
747,1825,"Large family car",58762.0822444224,486871.3960229739,2.116502267880556,2,83228,3,2199984
748,1825,"Small family car",49508.75453180887,486559.5424405538,2.276116142193135,2,93957,4,1073807.5
749,1825,"Minivan",71647.25491522226,485105.7234691595,1.951303311606259,2,141329,2,3071532.3
750,1825,"Large family car",76253.6625064744,486476.5001320663,2.927034564086902,2,59850,2,2134716.8
751,1825,"SUV",75649.6282510828,487012.866510161,1.686019944192815,2,122207,1,3117518.3
752,1825,"Minivan",79817.21912937764,484500.5853087733,2.460863379041403,2,94819,3,2921612.5
753,1826,"Large family car",64871.58909126259,601707.9624390505,1.925443611347288,3,136621,3,2230818.5
754,1826,"Large family car",83694.12344151641,603806.6558873998,3.095290322952231,2,69995,2,2229638.5
755,1826,"Large family car",76900.12116197546,599203.7520409807,2.440738657134388,2,111434,2,1999940
756,1826,"SUV",87966.4479933894,599771.261639955,2.173388617263946,2,105920,2,3255424
757,1826,"Large family car",67002.13750139823,602717.615584233,2.665653283882124,2,112382,4,2166224.5
758,1826,"SUV",80179.68604794638,600856.2691297261,3.103776091539626,2,105037,3,3293880
759,1826,"Large family car",77720.14304536447,600318.5509444714,2.365059236343952,2,125768,4,2205067.8
760,1826,"Minivan",93067.98346114127,600675.3136296064,2.382740133163941,3,132698,4,3055533.3
761,1827,"SUV",81855.00258312882,441151.3109409002,1.977937509538498,2,133103,2,3263655
762,1827,"Small family car",47022.56466185902,440181.3704281785,1.766822543229393,2,59870,2,1111319.9
763,1827,"Small family car",50231.39123701769,443822.7212044822,1.504000854939302,2,63464,3,1031582.7
764,1827,"Minivan",76529.96200633934,441060.172390054,1.5767495457055,2,149095,3,2931031.8
765,1827,"Minivan",81442.10550177394,441544.9493364852,2.313836410186952,2,74468,2,2843085.8
766,1827,"SUV",83120.22108043762,440982.1954388783,1.982741000841923,2,129368,2,3168590.8
767,1827,"Large family car",69366.80020766042,443830.1306676745,1.897369468566809,2,84948,2,2151362.8
768,1828,"Minivan",78773.18259131219,154403.1036378467,1.791509185115469,1,62612,2,3000411.5
769,1828,"Minivan",77283.87346844273,152614.8245822495,1.453443920297761,1,35103,3,2980484.3
770,1828,"Large family car",57075.59103612647,152289.5561948677,1.186739774155357,1,34902,3,2185167
771,1828,"Minivan",60177.45010245159,154796.5020416307,1.413305942555509,1,35006,3,2986048.3
772,1828,"Small family car",46379.00115140727,154590.0569061548,1.645429234384791,2,43558,3,1046884.5
773,1828,"SUV",81310.44643620454,155567.4997004049,1.614223390521477,2,69690,3,3268528.5
774,1828,"Minivan",73863.59253161013,151631.8774333947,1.510562694793315,1,52458,3,2938401.5
775,1828,"Large family car",54447.30161822675,155508.1313033779,1.267307466724239,1,43763,3,1998952.6
776,1828,"SUV",87739.28089460808,152514.8909699078,1.678778171741012,1,50546,2,3357670.5
777,1828,"SUV",72937.19467223481,151829.74350355,1.559180400434188,1,53417,4,3343362
778,1828,"SUV",60850.49520318451,155398.0640638022,1.683754307452532,1,48917,2,3111869
779,1828,"Small family car",34339.4678396128,151660.3024004356,1.158329774953154,2,35238,1,962815.69
780,1828,"Minivan",76117.44145288954,155328.4412415856,1.128528915245104,2,74544,2,2910038.5
781,1828,"Small family car",38682.35743404987,151703.5302654153,1.636916051918751,1,21181,2,933125.5
782,1828,"Small family car",33203.58744353527,152652.1232622614,1.539530065031482,2,31108,2,1062502.8
783,1829,"Supermini",16542.54192507211,5068.063878946113,1.215306561140063,1,12000,3,82068.047
784,1829,"Supermini",19046.76301395,4864.168689629453,1.257350663718365,1,12000,4,59593.762
785,1829,"Supermini",15713.90865223912,3900.885925117061,1.179009526536899,1,12262,2,161521.63
786,1829,"Supermini",22839.85125111938,4023.595261156058,1.22828407352684,1,12579,2,194311.7
787,1829,"Supermini",18102.75678067149,547.8750625149481,1.164586476395314,1,16836,3,234778.95
788,1829,"Supermini",15798.57502795976,3270.701451819935,1.182757793260566,1,16196,2,193581.84
789,1829,"Supermini",34369.29795519884,5117.495461032936,1.186837394157552,2,36617,3,238527.95
790,1829,"Supermini",14778.50142031077,456.0214379217148,1.276864666047183,1,12845,2,265077.38
791,1830,"Small family car",31327.59082574123,125711.6644710619,1.4044923156643,1,40223,3,950347.69
792,1830,"Large family car",60881.03379459921,124743.2922860368,1.613069419776875,1,32779,3,2036161.6
793,1830,"Small family car",37859.63400578455,127170.047254603,1.519501286919327,1,33215,3,1091497.4
794,1830,"Large family car",53239.10798131602,128882.0765912313,1.597603335418599,2,38885,3,2081525.3
795,1830,"Large family car",55886.10318307264,125005.2192646025,1.224165680672905,1,59925,3,2079927.4
796,1830,"Small family car",51771.1926112193,127064.6149663127,1.237787251775937,1,36461,3,912523.13
797,1830,"SUV",85414.81947907766,125411.8251408386,1.281286820704433,1,56885,2,3211864
798,1830,"SUV",73692.91012981368,125684.389381066,1.341733987350366,2,53660,3,3147902
799,1830,"Minivan",58362.24265144249,125793.5157207407,1.403144316842377,1,59014,3,3002910.5
800,1830,"Minivan",71416.25003437587,129498.5490988082,1.659114860251147,1,54678,2,2954406.5
801,1830,"Small family car",40984.83045525053,125571.6129144317,1.38727205169492,1,41533,3,1025684.1
802,1831,"SUV",96602.63071656201,414767.103549897,1.577343126639453,2,166269,3,3119987.3
803,1831,"Small family car",54985.82624671407,411508.2771193961,2.514401912277537,2,70559,3,956700.69
804,1831,"Small family car",48753.56595975707,414906.0627737248,1.87687203342634,2,60289,2,951696
805,1831,"Small family car",52264.92389714111,410924.5014334155,1.981861473530912,2,80833,2,1119178.4
806,1831,"Small family car",49634.48131545007,415052.9600925645,2.415009446152585,2,94436,3,1066430.6
807,1831,"SUV",76689.54403168756,411647.1220282384,1.814153734053196,2,94321,3,3133582.8
808,1831,"Small family car",57547.26217523339,412364.093835286,1.665804922895789,2,66386,5,1040500.6
809,1831,"Minivan",67588.21341680217,413576.6236143914,2.185387016312444,2,80905,4,3061879
810,1831,"SUV",93160.39626219911,410695.7449087686,2.01714675837735,2,102386,3,3293975.3
811,1831,"Minivan",67200.71583023934,415071.2119459818,1.953885127098128,1,123230,5,2976219.5
812,1831,"Small family car",51911.90947262088,412110.9211188552,1.563729733382063,2,55318,3,990341
813,1832,"Small family car",54994.55075301557,598605.281787031,2.176349642116351,2,103439,2,872637.19
814,1832,"SUV",84030.60689311745,598926.3367530812,2.427118164702496,2,165564,3,3331607.5
815,1832,"Small family car",52344.11376051212,594700.9997323401,2.414484216973265,2,71213,3,1043700.3
816,1832,"SUV",103597.4304195306,596015.8652413702,2.723618542655378,2,133730,2,3221705.5
817,1832,"Minivan",87257.09197526766,596969.8576015449,2.742038386310406,2,88632,1,2885852
818,1832,"Minivan",80905.33549837912,598431.1935693984,2.417409216226645,2,130366,3,2868852.5
819,1832,"Minivan",85454.87949360322,597958.9275751725,2.000280047568964,2,139299,3,2948357.3
820,1832,"SUV",83040.9496413031,596028.4867739246,2.188011251244423,2,183173,3,3356092
821,1832,"SUV",82450.2693901195,598039.339732992,3.053447505491422,2,105479,2,3201127.5
822,1832,"SUV",84219.09849899133,596902.4814167154,2.8429803052268,2,101356,2,3167687.8
823,1833,"Large family car",74943.46658095738,509551.6775381496,2.175683404208931,2,90395,2,2058968.6
824,1833,"Large family car",79117.65057358622,508432.3651977982,2.045339514322761,2,133272,4,2231390.3
825,1833,"SUV",87418.47818386936,509179.8209591613,1.707854277173052,2,106361,2,3309076.5
826,1833,"Large family car",74883.21042496155,512491.3867411134,1.875455939642408,2,97020,3,1990891.6
827,1833,"Small family car",66427.25798930851,510070.9241152191,2.436379952814688,2,98961,2,965741.31
828,1833,"Small family car",47739.28415331208,509182.3553942275,1.898411988979339,2,106392,5,1112569.8
829,1833,"Large family car",82335.14994355355,512671.1573591214,2.18515184333497,2,67244,2,2021771.4
830,1833,"Small family car",57285.28664927513,512791.2538592823,2.054776754541115,2,94378,3,1012834.9
831,1833,"SUV",80873.19763553987,509626.5253514105,1.718832683419668,2,106319,3,3240787.3
832,1833,"Large family car",77417.72665769863,509381.3955514601,2.187449247809001,2,106441,2,2120720.5
833,1833,"Small family car",51435.48255807666,511255.1996590994,2.476243868684915,2,104353,2,1066671
834,1833,"Minivan",102260.7486066099,510261.3287452261,2.287047288450118,2,98213,5,2872624.3
835,1833,"Small family car",57151.96140925398,508731.534277715,1.693142168582933,2,110253,3,905229.81
836,1833,"Large family car",67981.45076015375,512857.1939735207,1.749267413760491,2,102907,2,2101395
837,1833,"SUV",76209.08799288359,510255.7001060648,1.986424595751089,2,96495,2,3137047.3
838,1833,"Minivan",75987.46073554383,508683.6473219504,2.057497756906157,2,112905,1,3063326.3
839,1833,"SUV",76757.15413419477,508690.8854287966,2.484118641557251,2,150493,2,3245810.8
840,1833,"Minivan",97191.88752124552,511302.7897011774,2.112985422674285,2,116585,4,2933428
841,1833,"Minivan",83340.81702552343,512085.1011354951,1.768813666547792,2,133005,3,2994296.5
842,1834,"Large family car",72653.41368090645,231244.8089073039,1.59335758494064,1,67019,3,2090004.8
843,1834,"Small family car",53948.06790979137,235061.3320863729,1.531502091779612,2,57347,2,927592
844,1834,"Minivan",82425.94339716078,232016.6034113201,1.555998192705853,1,73351,3,3061899.5
845,1834,"Minivan",62339.38888462169,233270.283883476,1.723294764903275,1,60813,2,2938511.8
846,1834,"Small family car",47272.73608057419,231239.9211542176,1.875217123842438,2,38231,2,973256.5
847,1834,"SUV",72971.25486205739,234479.2872586302,1.427020391730757,1,77461,3,3300514.5
848,1834,"Large family car",50437.34487311953,234987.9947895998,1.639724777486279,2,82087,3,2021138.8
849,1834,"Minivan",68242.87428543367,234821.4266062578,1.338379225732107,2,83676,3,2855365.5
850,1835,"Supermini",31607.18958142668,16982.50149906068,1.16916019725758,1,24387,3,252546.88
851,1835,"Supermini",27419.45633686709,21221.59040008132,1.301192208434763,1,12001,3,64286.988
852,1835,"Supermini",23881.69328469052,20021.79887479475,1.223057961687961,1,12812,2,73809.773
853,1835,"Supermini",17904.08097084457,17036.31224436383,1.2427822055882,2,18477,6,193765.02
854,1835,"Supermini",34780.17373515391,20558.37543741649,1.144730471897995,1,14377,3,133848.05
